Workbook

Sheet Дашборд
A1: Месячный план LeetCode / собеседования
A2: Параметр | B2: Значение | D2: Статус | E2: Кол-во | G2: Неделя
A3: Всего задач в месячном плане | B3: =COUNTA('Месячный план'!$E$2:$E$89) -> 88 | D3: Не начато | E3: =COUNTIF('Месячный план'!$L$2:$L$89,D3) -> 73 | G3: Неделя 1
A4: Обязательных задач | B4: =COUNTIF('Месячный план'!$I$2:$I$89,"Обязательная") -> 41 | D4: Пробую | E4: =COUNTIF('Месячный план'!$L$2:$L$89,D4) -> 0 | G4: Неделя 2
A5: Задач “попробовать/доп/идея/контроль” | B5: =COUNTIF('Месячный план'!$I$2:$I$89,"Попробовать")+COUNTIF('Месячный план'!$I$2:$I$89,"Дополнительно")+COUNTIF('Месячный план'!$I$2:$I$89,"Только разобрать идею")+COUNTIF('Месячный план'!$I$2:$I$89,"Контрольная") -> 37 | D5: Разобрал идею | E5: =COUNTIF('Месячный план'!$L$2:$L$89,D5) -> 0 | G5: Неделя 3
A6: Решено сам / повторено | B6: =COUNTIF('Месячный план'!$L$2:$L$89,"Решил сам")+COUNTIF('Месячный план'!$L$2:$L$89,"Повторил") -> 10 | D6: Решил с подсказкой | E6: =COUNTIF('Месячный план'!$L$2:$L$89,D6) -> 4 | G6: Неделя 4
A7: Процент закрытия | B7: =IFERROR(B6/B3,0) -> 0.11363636 | D7: Решил сам | E7: =COUNTIF('Месячный план'!$L$2:$L$89,D7) -> 9 | G7: Неделя 5
D8: Повторил | E8: =COUNTIF('Месячный план'!$L$2:$L$89,D8) -> 1
D9: Отложить | E9: =COUNTIF('Месячный план'!$L$2:$L$89,D9) -> 1
A11: Как работать с планом | D11: Неделя | E11: Всего | F11: Решено | G11: %
A12: 1. За день бери 2–3 задачи: обязательные важнее дополнительных. | D12: Неделя 1 | E12: =COUNTIF('Месячный план'!$C$2:$C$89,D12) -> 18 | F12: =COUNTIFS('Месячный план'!$C$2:$C$89,D12,'Месячный план'!$L$2:$L$89,"Решил сам")+COUNTIFS('Месячный план'!$C$2:$C$89,D12,'Месячный план'!$L$2:$L$89,"Повторил") -> 10 | G12: =IFERROR(F12/E12,0) -> 0.55555556
A13: 2. Medium-задачи со статусом “Только разобрать идею” не надо добивать любой ценой. | D13: Неделя 2 | E13: =COUNTIF('Месячный план'!$C$2:$C$89,D13) -> 21 | F13: =COUNTIFS('Месячный план'!$C$2:$C$89,D13,'Месячный план'!$L$2:$L$89,"Решил сам")+COUNTIFS('Месячный план'!$C$2:$C$89,D13,'Месячный план'!$L$2:$L$89,"Повторил") -> 0 | G13: =IFERROR(F13/E13,0) -> 0
A14: 3. Повторы важнее количества новых задач. | D14: Неделя 3 | E14: =COUNTIF('Месячный план'!$C$2:$C$89,D14) -> 22 | F14: =COUNTIFS('Месячный план'!$C$2:$C$89,D14,'Месячный план'!$L$2:$L$89,"Решил сам")+COUNTIFS('Месячный план'!$C$2:$C$89,D14,'Месячный план'!$L$2:$L$89,"Повторил") -> 0 | G14: =IFERROR(F14/E14,0) -> 0
A15: 4. Если не решил за лимит — смотри идею, закрывай и пиши сам. | D15: Неделя 4 | E15: =COUNTIF('Месячный план'!$C$2:$C$89,D15) -> 21 | F15: =COUNTIFS('Месячный план'!$C$2:$C$89,D15,'Месячный план'!$L$2:$L$89,"Решил сам")+COUNTIFS('Месячный план'!$C$2:$C$89,D15,'Месячный план'!$L$2:$L$89,"Повторил") -> 0 | G15: =IFERROR(F15/E15,0) -> 0
A16: 5. В “Заметки” фиксируй конкретную ошибку, а не просто “не понял”. | D16: Неделя 5 | E16: =COUNTIF('Месячный план'!$C$2:$C$89,D16) -> 6 | F16: =COUNTIFS('Месячный план'!$C$2:$C$89,D16,'Месячный план'!$L$2:$L$89,"Решил сам")+COUNTIFS('Месячный план'!$C$2:$C$89,D16,'Месячный план'!$L$2:$L$89,"Повторил") -> 0 | G16: =IFERROR(F16/E16,0) -> 0
A18: Добавлен лист «Повторение»: отдельный график повторов по всем задачам месячного плана.

Sheet Месячный план
A1: День | B1: Дата | C1: Неделя | D1: № LeetCode | E1: Задача | F1: Сложность | G1: Тема | H1: Паттерн | I1: Тип | J1: Цель | K1: Лимит попытки | L1: Статус | M1: Повтор 1 | N1: Повтор 2 | O1: Заметки | P1: URL | Q1: Источник/трек
A2: 1 | B2: 46196 | C2: Неделя 1 | D2: 1 | E2: Two Sum | F2: Easy | G2: HashMap / Set | H2: HashMap complement | I2: Обязательная | J2: Понять dict: хранить уже просмотренные числа и индексы | K2: 25 мин до подсказки | L2: Решил сам | M2: 46197 | N2: 46203 | P2: https://leetcode.com/problems/two-sum/ | Q2: Твой недельный план
A3: 1 | B3: 46196 | C3: Неделя 1 | D3: 217 | E3: Contains Duplicate | F3: Easy | G3: HashSet | H3: Set membership | I3: Обязательная | J3: Понять set: проверка наличия элемента / дубликата | K3: 20 мин до подсказки | L3: Решил сам | M3: 46197 | N3: 46203 | P3: https://leetcode.com/problems/contains-duplicate/ | Q3: Твой недельный план
A4: 2 | B4: 46197 | C4: Неделя 1 | D4: 242 | E4: Valid Anagram | F4: Easy | G4: HashMap / Counter | H4: Frequency counting | I4: Обязательная | J4: Научиться считать частоты символов | K4: 25 мин до подсказки | L4: Решил сам | M4: 46198 | N4: 46204 | P4: https://leetcode.com/problems/valid-anagram/ | Q4: Твой недельный план
A5: 2 | B5: 46197 | C5: Неделя 1 | D5: 387 | E5: First Unique Character in a String | F5: Easy | G5: HashMap / Counter | H5: Frequency counting | I5: Обязательная | J5: Найти первый элемент с частотой 1 | K5: 25 мин до подсказки | L5: Решил сам | M5: 46198 | N5: 46204 | P5: https://leetcode.com/problems/first-unique-character-in-a-string/ | Q5: Твой недельный план
A6: 3 | B6: 46198 | C6: Неделя 1 | D6: 383 | E6: Ransom Note | F6: Easy | G6: HashMap / Counter | H6: Frequency comparison | I6: Обязательная | J6: Закрепить сравнение частот двух строк | K6: 20 мин до подсказки | L6: Решил сам | M6: 46199 | N6: 46205 | P6: https://leetcode.com/problems/ransom-note/ | Q6: Твой недельный план
A7: 3 | B7: 46198 | C7: Неделя 1 | D7: 49 | E7: Group Anagrams | F7: Medium | G7: HashMap / Grouping | H7: Grouping by canonical key | I7: Попробовать | J7: Понять группировку через ключ словаря | K7: 35 мин до подсказки | L7: Решил сам | M7: 46199 | N7: 46205 | P7: https://leetcode.com/problems/group-anagrams/ | Q7: Твой недельный план
A8: 4 | B8: 46199 | C8: Неделя 1 | D8: 283 | E8: Move Zeroes | F8: Easy | G8: Two Pointers: slow/fast | H8: Slow/fast pointer | I8: Обязательная | J8: Освоить slow/fast pointer и запись “хороших” элементов | K8: 25 мин до подсказки | L8: Решил с подсказкой | M8: 46200 | N8: 46206 | O8: второй раз решил сам по памяти | P8: https://leetcode.com/problems/move-zeroes/ | Q8: Твой недельный план
A9: 4 | B9: 46199 | C9: Неделя 1 | D9: 27 | E9: Remove Element | F9: Easy | G9: Two Pointers: slow/fast | H9: Slow/fast pointer | I9: Обязательная | J9: Закрепить удаление элементов in-place | K9: 25 мин до подсказки | L9: Решил с подсказкой | M9: 46200 | N9: 46206 | O9: второй раз решил сам по памяти | P9: https://leetcode.com/problems/remove-element/ | Q9: Твой недельный план
A10: 5 | B10: 46200 | C10: Неделя 1 | D10: 125 | E10: Valid Palindrome | F10: Easy | G10: Two Pointers: left/right | H10: Left/right pointers | I10: Обязательная | J10: Научиться двигать left/right и пропускать лишние символы | K10: 30 мин до подсказки | L10: Решил сам | M10: 46201 | N10: 46207 | O10: решил сам, но не за оптимальное время и память; затем разобрал оптимальнее | P10: https://leetcode.com/problems/valid-palindrome/ | Q10: Твой недельный план
A11: 5 | B11: 46200 | C11: Неделя 1 | D11: 167 | E11: Two Sum II - Input Array Is Sorted | F11: Medium | G11: Two Pointers: left/right | H11: Left/right pointers | I11: Попробовать | J11: Понять движение указателей по отсортированному массиву | K11: 35 мин до подсказки | L11: Решил сам | M11: 46201 | N11: 46207 | P11: https://leetcode.com/problems/two-sum-ii-input-array-is-sorted/ | Q11: Твой недельный план
A12: 5 | B12: 46200 | C12: Неделя 1 | D12: 977 | E12: Squares of a Sorted Array | F12: Easy | G12: Two Pointers: left/right | H12: Left/right pointers | I12: Дополнительно | J12: Закрепить выбор большего модуля с двух концов | K12: 30 мин до подсказки | L12: Решил с подсказкой | M12: 46201 | N12: 46207 | P12: https://leetcode.com/problems/squares-of-a-sorted-array/ | Q12: Твой недельный план
A13: 6 | B13: 46201 | C13: Неделя 1 | D13: 1480 | E13: Running Sum of 1d Array | F13: Easy | G13: Prefix Sum | H13: Basic prefix sum | I13: Обязательная | J13: Понять базовую префиксную сумму | K13: 20 мин до подсказки | L13: Решил сам | M13: 46202 | N13: 46208 | P13: https://leetcode.com/problems/running-sum-of-1d-array/ | Q13: Твой недельный план
A14: 6 | B14: 46201 | C14: Неделя 1 | D14: 303 | E14: Range Sum Query - Immutable | F14: Easy | G14: Prefix Sum | H14: Prefix sum range query | I14: Обязательная | J14: Понять сумму на отрезке через prefix[r+1]-prefix[l] | K14: 30 мин до подсказки | L14: Решил с подсказкой | M14: 46202 | N14: 46208 | O14: забыл про +1 в указателе массива; повторить индексы | P14: https://leetcode.com/problems/range-sum-query-immutable/ | Q14: Твой недельный план
A15: 6 | B15: 46201 | C15: Неделя 1 | D15: 560 | E15: Subarray Sum Equals K | F15: Medium | G15: Prefix Sum + HashMap | H15: Prefix sum + hashmap | I15: Только разобрать идею | J15: Увидеть связь prefix sum и dict частот префиксов | K15: 35 мин до подсказки | L15: Отложить | M15: 46202 | N15: 46208 | P15: https://leetcode.com/problems/subarray-sum-equals-k/ | Q15: Твой недельный план
A16: 7 | B16: 46202 | C16: Неделя 1 | D16: 1 | E16: Two Sum — повтор | F16: Easy | G16: HashMap / Set | H16: HashMap complement | I16: Повтор | J16: Решить заново без подсказки и без просмотра старого кода | K16: 20 мин | L16: Повторил | M16: 46209 | N16: 46216 | P16: https://leetcode.com/problems/two-sum/ | Q16: Повторение
A17: 7 | B17: 46202 | C17: Неделя 1 | D17: 242 | E17: Valid Anagram — повтор | F17: Easy | G17: HashMap / Counter | H17: Frequency counting | I17: Повтор | J17: Решить заново без подсказки | K17: 20 мин | L17: Не начато | M17: 46209 | N17: 46216 | P17: https://leetcode.com/problems/valid-anagram/ | Q17: Повторение
A18: 7 | B18: 46202 | C18: Неделя 1 | D18: 283 | E18: Move Zeroes — повтор | F18: Easy | G18: Two Pointers: slow/fast | H18: Slow/fast pointer | I18: Повтор | J18: Решить заново без подсказки | K18: 25 мин | L18: Не начато | M18: 46209 | N18: 46216 | P18: https://leetcode.com/problems/move-zeroes/ | Q18: Повторение
A19: 7 | B19: 46202 | C19: Неделя 1 | D19: 125 | E19: Valid Palindrome — повтор | F19: Easy | G19: Two Pointers: left/right | H19: Left/right pointers | I19: Повтор | J19: Решить заново без подсказки | K19: 25 мин | L19: Не начато | M19: 46209 | N19: 46216 | P19: https://leetcode.com/problems/valid-palindrome/ | Q19: Повторение
A20: 8 | B20: 46203 | C20: Неделя 2 | D20: 20 | E20: Valid Parentheses | F20: Easy | G20: Stack | H20: Stack matching | I20: Обязательная | J20: Скобки: научиться хранить незакрытые элементы | K20: 25 мин до подсказки | L20: Не начато | M20: 46204 | N20: 46210 | P20: https://leetcode.com/problems/valid-parentheses/ | Q20: Top Interview 150 / LC 75
A21: 8 | B21: 46203 | C21: Неделя 2 | D21: 155 | E21: Min Stack | F21: Medium | G21: Stack | H21: Auxiliary stack | I21: Попробовать | J21: Понять хранение минимума вместе со стеком | K21: 35 мин до подсказки | L21: Не начато | M21: 46204 | N21: 46210 | P21: https://leetcode.com/problems/min-stack/ | Q21: Top Interview 150
A22: 8 | B22: 46203 | C22: Неделя 2 | D22: 232 | E22: Implement Queue using Stacks | F22: Easy | G22: Stack / Queue | H22: Two stacks | I22: Дополнительно | J22: Понять инверсию порядка через два стека | K22: 30 мин до подсказки | L22: Не начато | M22: 46204 | N22: 46210 | P22: https://leetcode.com/problems/implement-queue-using-stacks/ | Q22: Common interview
A23: 9 | B23: 46204 | C23: Неделя 2 | D23: 150 | E23: Evaluate Reverse Polish Notation | F23: Medium | G23: Stack | H23: Expression stack | I23: Обязательная | J23: Научиться вычислять выражение через стек | K23: 35 мин до подсказки | L23: Не начато | M23: 46205 | N23: 46211 | P23: https://leetcode.com/problems/evaluate-reverse-polish-notation/ | Q23: Top Interview 150
A24: 9 | B24: 46204 | C24: Неделя 2 | D24: 496 | E24: Next Greater Element I | F24: Easy | G24: Monotonic Stack | H24: Monotonic decreasing stack | I24: Обязательная | J24: Первое знакомство с монотонным стеком | K24: 30 мин до подсказки | L24: Не начато | M24: 46205 | N24: 46211 | P24: https://leetcode.com/problems/next-greater-element-i/ | Q24: Common interview
A25: 9 | B25: 46204 | C25: Неделя 2 | D25: 739 | E25: Daily Temperatures | F25: Medium | G25: Monotonic Stack | H25: Monotonic decreasing stack | I25: Попробовать | J25: Закрепить монотонный стек на расстояниях до большего | K25: 40 мин до подсказки | L25: Не начато | M25: 46205 | N25: 46211 | P25: https://leetcode.com/problems/daily-temperatures/ | Q25: LC 75
A26: 10 | B26: 46205 | C26: Неделя 2 | D26: 704 | E26: Binary Search | F26: Easy | G26: Binary Search | H26: Classic binary search | I26: Обязательная | J26: Довести до автоматизма left/right/mid | K26: 25 мин до подсказки | L26: Не начато | M26: 46206 | N26: 46212 | P26: https://leetcode.com/problems/binary-search/ | Q26: LC 75
... A89: 30 | B89: 46225 | C89: Неделя 5 | D89: 200 | E89: Number of Islands — контроль | F89: Medium | G89: Graph DFS/BFS | H89: Grid DFS/BFS | I89: Контрольная | J89: Проверить умение писать grid DFS/BFS без готового шаблона | K89: 45 мин до подсказки | L89: Не начато | M89: 46226 | N89: 46232 | P89: https://leetcode.com/problems/number-of-islands/ | Q89: Top Interview 150

Sheet Карта тем
A1: Тема | B1: Что должен уметь | C1: Минимум задач | D1: Контрольная точка | E1: Типичные ошибки
A2: HashMap / Set | B2: Проверка наличия, complement, частоты, группировка | C2: 8–12 | D2: Two Sum, Group Anagrams, Subarray Sum Equals K | E2: добавлять до проверки; путать ключ/значение; сравнивать set вместо частот
A3: Two Pointers | B3: slow/fast, left/right, отсортированный массив, in-place | C3: 8–10 | D3: Move Zeroes, Two Sum II, 3Sum позже | E3: двигать не тот указатель; ломать инвариант slow
A4: Prefix Sum | B4: сумма на отрезке, prefix[r+1]-prefix[l], prefix+hashmap | C4: 5–7 | D4: Range Sum Query, Subarray Sum Equals K | E4: ошибки +1; забыть prefix_count[0]=1
A5: Sliding Window | B5: динамическое окно, while для восстановления условия | C5: 6–8 | D5: Longest Substring, Find All Anagrams | E5: if вместо while; неправильно обновлять left
A6: Stack | B6: скобки, RPN, монотонный стек | C6: 6–8 | D6: Valid Parentheses, Daily Temperatures | E6: не проверять пустой стек; терять индекс
A7: Binary Search | B7: классический поиск, lower_bound, поиск по ответу | C7: 8–10 | D7: Search Insert, First/Last Position, Rotated Array | E7: left<right vs left<=right; не сдвигать mid
A8: Linked List | B8: dummy node, reverse, fast/slow, удаление с конца | C8: 6–8 | D8: Reverse Linked List, Remove Nth | E8: потерять next; не обработать head
A9: Trees | B9: DFS/BFS, рекурсия, уровни, BST-инварианты | C9: 10–14 | D9: Validate BST, Level Order | E9: не определить базовый случай; проверять BST только с детьми
A10: Intervals | B10: sort + merge, insert, пересечения | C10: 4–6 | D10: Merge Intervals | E10: не отсортировать; неправильно обновлять конец
A11: Heap | B11: top-k, k largest, частоты | C11: 4–6 | D11: Top K Frequent, Kth Largest | E11: использовать max/min heap неправильно; хранить больше k
A12: Graphs | B12: DFS/BFS, grid, visited, топосорт, компоненты | C12: 10–14 | D12: Number of Islands, Course Schedule | E12: не ставить visited вовремя; путать directed/undirected
... A16: Union Find | B16: DSU для компонент и циклов | C16: 3–5 | D16: Number of Provinces, Redundant Connection | E16: не сжимать пути; путать parent/rank

Sheet Банк задач
A1: Тема | B1: № LeetCode | C1: Задача | D1: Сложность | E1: Когда брать | F1: Зачем | G1: URL
A2: Arrays / String | B2: 14 | C2: Longest Common Prefix | D2: Easy | E2: После 1 недели | F2: простая строковая обработка | G2: https://leetcode.com/problems/longest-common-prefix/
A3: Arrays / String | B3: 189 | C3: Rotate Array | D3: Medium | E3: После two pointers | F3: in-place rotation / reverse | G3: https://leetcode.com/problems/rotate-array/
A4: Arrays / String | B4: 238 | C4: Product of Array Except Self | D4: Medium | E4: После prefix sum | F4: prefix/suffix products | G4: https://leetcode.com/problems/product-of-array-except-self/
A5: Arrays / String | B5: 289 | C5: Game of Life | D5: Medium | E5: После matrix basics | F5: in-place coding of states | G5: https://leetcode.com/problems/game-of-life/
A6: HashMap / Set | B6: 128 | C6: Longest Consecutive Sequence | D6: Medium | E6: После set | F6: set + start of sequence | G6: https://leetcode.com/problems/longest-consecutive-sequence/
A7: HashMap / Set | B7: 202 | C7: Happy Number | D7: Easy | E7: После set | F7: cycle detection with set | G7: https://leetcode.com/problems/happy-number/
A8: HashMap / Set | B8: 205 | C8: Isomorphic Strings | D8: Easy | E8: После dict | F8: two-way mapping | G8: https://leetcode.com/problems/isomorphic-strings/
A9: HashMap / Set | B9: 290 | C9: Word Pattern | D9: Easy | E9: После dict | F9: bijection mapping | G9: https://leetcode.com/problems/word-pattern/
A10: Two Pointers | B10: 11 | C10: Container With Most Water | D10: Medium | E10: После left/right | F10: two pointers with greedy movement | G10: https://leetcode.com/problems/container-with-most-water/
A11: Two Pointers | B11: 15 | C11: 3Sum | D11: Medium | E11: После sorting + two pointers | F11: sort + fix one + two pointers | G11: https://leetcode.com/problems/3sum/
A12: Two Pointers | B12: 16 | C12: 3Sum Closest | D12: Medium | E12: После 3Sum | F12: two pointers + best answer | G12: https://leetcode.com/problems/3sum-closest/
A13: Two Pointers | B13: 42 | C13: Trapping Rain Water | D13: Hard | E13: Позже | F13: two pointers / prefix max | G13: https://leetcode.com/problems/trapping-rain-water/
... A60: Trie | B60: 212 | C60: Word Search II | D60: Hard | E60: Позже | F60: trie + backtracking | G60: https://leetcode.com/problems/word-search-ii/

Sheet Списки
A1: Статусы | B1: Сложности | C1: Типы | D1: Темы
A2: Не начато | B2: Easy | C2: Обязательная | D2: BST
A3: Пробую | B3: Medium | C3: Попробовать | D3: Backtracking
A4: Разобрал идею | B4: Hard | C4: Дополнительно | D4: Backtracking / Grid
A5: Решил с подсказкой | C5: Только разобрать идею | D5: Binary Search
A6: Решил сам | C6: Повтор | D6: Dynamic Programming
A7: Повторил | C7: Контрольная | D7: Dynamic Programming / Binary Search
A8: Отложить | D8: Graph / Topological Sort
D9: Graph / Union Find
D10: Graph BFS
D11: Graph DFS/BFS
D12: Greedy
D13: Greedy / Array
D14: HashMap / Counter
D15: HashMap / Grouping
D16: HashMap / Set
D17: HashSet
D18: Heap
D19: Heap / HashMap
D20: Heap / Quickselect
... D36: Union Find

Sheet Источники
A1: Источник | B1: URL | C1: Как использовано
A2: LeetCode Top Interview 150 | B2: https://leetcode.com/studyplan/top-interview-150/ | C2: Основная ориентация на классические собеседовательные темы и задачи
A3: LeetCode 75 | B3: https://leetcode.com/studyplan/leetcode-75/ | C3: Короткий must-do список для 1–3 месяцев подготовки
A4: LeetCode Top 100 Liked | B4: https://leetcode.com/studyplan/top-100-liked/ | C4: Дополнительный банк популярных задач
A5: LeetCode Graph Theory | B5: https://leetcode.com/studyplan/graph-theory/ | C5: Графовые темы и задачи для расширения после базы
A6: Твой текущий недельный файл | B6: локальный файл leetcode_week_plan.xlsx | C6: Использован для сохранения статусов первой недели и расширения плана

Sheet Повторение
A1: План повторения задач LeetCode на месяц
A2: Лист построен по spaced repetition: обязательные задачи повторяются чаще, задачи “разобрать идею” возвращаются как восстановление инварианта и попытка кода.
A4: Всего задач в плане | B4: 76 | C4: Всего повторений | D4: 184 | E4: Высокий приоритет | F4: =COUNTIF(L8:L191,"Высокий") -> 124
A5: Обязательные повторы | B5: =COUNTIF(K8:K191,"Обязательная") -> 123 | C5: Попробовать/разбор | D5: =COUNTIF(K8:K191,"Попробовать")+COUNTIF(K8:K191,"Только разобрать идею") -> 52 | E5: Не начато | F5: =COUNTIF(Q8:Q191,"Не начато") -> 184
A7: № | B7: День повтора | C7: Дата повтора | D7: Волна | E7: Исходный день | F7: № LC | G7: Задача | H7: Сложность | I7: Тема | J7: Паттерн | K7: Тип в плане | L7: Приоритет | M7: Режим повтора | N7: Что проверить | O7: Лимит | P7: Статус в плане | Q7: Статус повтора | R7: Ошибка / заметка | S7: URL
A8: 1 | B8: 2 | C8: 46197 | D8: D+1 | E8: 1 | F8: 1 | G8: Two Sum | H8: Easy | I8: HashMap / Set | J8: HashMap complement | K8: Обязательная | L8: Высокий | M8: Решить без подсказки | N8: Восстановить структуру dict/set/Counter и объяснить, что хранится в ключах/значениях | O8: 15–25 мин | P8: Решил сам | Q8: Не начато | S8: https://leetcode.com/problems/two-sum/
A9: 2 | B9: 2 | C9: 46197 | D9: D+1 | E9: 1 | F9: 217 | G9: Contains Duplicate | H9: Easy | I9: HashSet | J9: Set membership | K9: Обязательная | L9: Высокий | M9: Решить без подсказки | N9: Восстановить паттерн, сложность и крайние случаи | O9: 15–25 мин | P9: Решил сам | Q9: Не начато | S9: https://leetcode.com/problems/contains-duplicate/
A10: 3 | B10: 3 | C10: 46198 | D10: D+1 | E10: 2 | F10: 387 | G10: First Unique Character in a String | H10: Easy | I10: HashMap / Counter | J10: Frequency counting | K10: Обязательная | L10: Высокий | M10: Решить без подсказки | N10: Восстановить структуру dict/set/Counter и объяснить, что хранится в ключах/значениях | O10: 15–25 мин | P10: Решил сам | Q10: Не начато | S10: https://leetcode.com/problems/first-unique-character-in-a-string/
A11: 4 | B11: 3 | C11: 46198 | D11: D+1 | E11: 2 | F11: 242 | G11: Valid Anagram | H11: Easy | I11: HashMap / Counter | J11: Frequency counting | K11: Обязательная | L11: Высокий | M11: Решить без подсказки | N11: Восстановить структуру dict/set/Counter и объяснить, что хранится в ключах/значениях | O11: 15–25 мин | P11: Решил сам | Q11: Не начато | S11: https://leetcode.com/problems/valid-anagram/
A12: 5 | B12: 4 | C12: 46199 | D12: D+1 | E12: 3 | F12: 383 | G12: Ransom Note | H12: Easy | I12: HashMap / Counter | J12: Frequency comparison | K12: Обязательная | L12: Высокий | M12: Решить без подсказки | N12: Восстановить структуру dict/set/Counter и объяснить, что хранится в ключах/значениях | O12: 15–25 мин | P12: Решил сам | Q12: Не начато | S12: https://leetcode.com/problems/ransom-note/
A13: 6 | B13: 4 | C13: 46199 | D13: D+3 | E13: 1 | F13: 1 | G13: Two Sum | H13: Easy | I13: HashMap / Set | J13: HashMap complement | K13: Обязательная | L13: Высокий | M13: Решить без подсказки, затем сверить сложность | N13: Восстановить структуру dict/set/Counter и объяснить, что хранится в ключах/значениях | O13: 20–30 мин | P13: Решил сам | Q13: Не начато | S13: https://leetcode.com/problems/two-sum/
A14: 7 | B14: 4 | C14: 46199 | D14: D+3 | E14: 1 | F14: 217 | G14: Contains Duplicate | H14: Easy | I14: HashSet | J14: Set membership | K14: Обязательная | L14: Высокий | M14: Решить без подсказки, затем сверить сложность | N14: Восстановить паттерн, сложность и крайние случаи | O14: 20–30 мин | P14: Решил сам | Q14: Не начато | S14: https://leetcode.com/problems/contains-duplicate/
A15: 8 | B15: 5 | C15: 46200 | D15: D+3 | E15: 2 | F15: 387 | G15: First Unique Character in a String | H15: Easy | I15: HashMap / Counter | J15: Frequency counting | K15: Обязательная | L15: Высокий | M15: Решить без подсказки, затем сверить сложность | N15: Восстановить структуру dict/set/Counter и объяснить, что хранится в ключах/значениях | O15: 20–30 мин | P15: Решил сам | Q15: Не начато | S15: https://leetcode.com/problems/first-unique-character-in-a-string/
A16: 9 | B16: 5 | C16: 46200 | D16: D+3 | E16: 2 | F16: 242 | G16: Valid Anagram | H16: Easy | I16: HashMap / Counter | J16: Frequency counting | K16: Обязательная | L16: Высокий | M16: Решить без подсказки, затем сверить сложность | N16: Восстановить структуру dict/set/Counter и объяснить, что хранится в ключах/значениях | O16: 20–30 мин | P16: Решил сам | Q16: Не начато | S16: https://leetcode.com/problems/valid-anagram/
A17: 10 | B17: 5 | C17: 46200 | D17: D+1 | E17: 4 | F17: 283 | G17: Move Zeroes | H17: Easy | I17: Two Pointers: slow/fast | J17: Slow/fast pointer | K17: Обязательная | L17: Высокий | M17: Решить без подсказки | N17: Проговорить движение указателей и почему часть вариантов можно отбросить | O17: 15–25 мин | P17: Решил с подсказкой | Q17: Не начато | S17: https://leetcode.com/problems/move-zeroes/
A18: 11 | B18: 5 | C18: 46200 | D18: D+1 | E18: 4 | F18: 27 | G18: Remove Element | H18: Easy | I18: Two Pointers: slow/fast | J18: Slow/fast pointer | K18: Обязательная | L18: Высокий | M18: Решить без подсказки | N18: Проговорить движение указателей и почему часть вариантов можно отбросить | O18: 15–25 мин | P18: Решил с подсказкой | Q18: Не начато | S18: https://leetcode.com/problems/remove-element/
A19: 12 | B19: 5 | C19: 46200 | D19: D+2 | E19: 3 | F19: 49 | G19: Group Anagrams | H19: Medium | I19: HashMap / Grouping | J19: Grouping by canonical key | K19: Попробовать | L19: Средний | M19: Попробовать заново без подсказки | N19: Восстановить структуру dict/set/Counter и объяснить, что хранится в ключах/значениях | O19: 25–35 мин | P19: Решил сам | Q19: Не начато | S19: https://leetcode.com/problems/group-anagrams/
... A191: 184 | B191: 39 | C191: 46234 | D191: D+10 | E191: 29 | F191: 45 | G191: Jump Game II | H191: Medium | I191: Greedy | J191: Layered farthest reach | K191: Только разобрать идею | L191: Средний | M191: Попробовать написать код после разбора | N191: Объяснить локальный выбор и почему он не ломает оптимальность | O191: 30–45 мин | P191: Не начато | Q191: Не начато | S191: https://leetcode.com/problems/jump-game-ii/
A193: Правило: если задача на повторе не решилась за лимит, не списывай её как провал. Запиши конкретную причину в колонку “Ошибка / заметка” и перенеси в следующий повтор.
